# Source: SocrateAI-Scientific-QuantumFluids docs/designs/CMB_CASCADE_REPRODUCTION.md (2026-09-26 addendum),
# produced by exploration/cmb/cmb_bound.py against the Planck 2018 TT table in data/planck2018_tt_full/.
# r_interp: 2-sigma bound with the interpolated bubble-time spectrum; r_exact: with Elor et al.'s exact
# correlator (Supplementary Eqs. S1-S16). KTW_eq15 = Koren-Tsai-Wang's analytic approximation 1e-5*(beta/H*)^2.
beta_over_H,zpt,r_interp,r_exact,KTW_eq15
10,0.1,0.01648,0.003156,0.001
20,0.1,0.02227,0.005724,0.004
50,0.1,0.05073,0.02322,0.025
100,0.1,0.1611,0.08405,0.1
200,0.1,0.507,0.2543,0.4
500,0.1,2.606,1.425,2.5
10,0.2,0.007535,0.001845,0.001
20,0.2,0.01271,0.004651,0.004
50,0.2,0.04731,0.02494,0.025
100,0.2,0.1685,0.08014,0.1
200,0.2,0.5058,0.2744,0.4
500,0.2,3.161,2.203,2.5
